<?xml version='1.0' encoding='UTF-8'?>
<BulkDataExchangeRequests xmlns="urn:ebay:apis:eBLBaseComponents">
  <Header>
    <Version>583</Version>
    <SiteID>0</SiteID>
  </Header>
  <ReviseFixedPriceItemRequest xmlns="urn:ebay:apis:eBLBaseComponents">
    <ErrorLanguage>en_us</ErrorLanguage>
    <Version>583</Version>
    <Item>
      <ItemID>401057247156</ItemID>
      <Variations>
        <Variation>
          <SKU>140868-LG</SKU>
          <Quantity>10</Quantity>
          <VariationSpecifics>
            <NameValueList>
              <Name>Size (Men's)</Name>
              <Value>LG</Value>
            </NameValueList>
          </VariationSpecifics>
          <SKU>140868-XL</SKU>
          <Quantity>10</Quantity>
          <VariationSpecifics>
            <NameValueList>
              <Name>Size (Men's)</Name>
              <Value>XL</Value>
            </NameValueList>
          </VariationSpecifics>
        </Variation>
      </Variations>
    </Item>
  </ReviseFixedPriceItemRequest>
</BulkDataExchangeRequests>
